Branch_id,Branch_Name,Street_Address,City,State,Zipcode,Phone_Number
1,North Jefferyhaven Branch,43321 Brittany Bypass,North Jefferyhaven,PA,3979,854-214-1409
2,Port Lindachester Branch,863 Lawrence Valleys,Port Lindachester,MA,36922,959-381-5012
3,Lindsaymouth Branch,51161 Abbott Rapids,Lindsaymouth,ND,16862,428-242-2679
4,South Joshuastad Branch,84959 Janet Cape Apt. 413,South Joshuastad,GA,49021,892-858-9935
5,East Lydiamouth Branch,41928 Frank Light Suite 835,East Lydiamouth,MO,35594,289-704-7912
6,Lake Anna Branch,95376 Thomas Dam,Lake Anna,KS,98413,232-130-2535
7,Carlsonfurt Branch,653 William Course Apt. 122,Carlsonfurt,MS,78605,423-338-9279
8,Mooretown Branch,480 Erin Plain Suite 514,Mooretown,VA,94830,816-127-4257
9,New Mariotown Branch,281 Skinner Parkways Apt. 252,New Mariotown,DE,48077,933-765-9928
10,West Allison Branch,03911 Cabrera Trace Apt. 278,West Allison,PA,55962,629-325-8359
11,Martinezbury Branch,346 Kim Path,Martinezbury,CA,44814,803-384-1106
12,East Carloston Branch,839 Adrian Station,East Carloston,MA,9788,977-925-3615
13,Leeville Branch,7382 Sanchez Mountains,Leeville,TN,56999,914-532-6574
14,Taylorburgh Branch,6701 Richard Junction Apt. 333,Taylorburgh,KY,61138,484-259-4527
15,East Richard Branch,78108 Tanya Terrace,East Richard,NJ,28517,981-444-2674
16,North Beth Branch,26064 Mitchell Square Suite 234,North Beth,ND,8490,294-489-2584
17,Lake Michellefurt Branch,09788 Brian Pass Apt. 219,Lake Michellefurt,DE,75169,567-967-6635
18,Sarahborough Branch,909 Robert Prairie,Sarahborough,TN,94373,818-370-1711
19,North Amandahaven Branch,46247 Hickman Cliffs Apt. 799,North Amandahaven,KS,17862,947-570-9785
20,West Darrell Branch,35427 Carr Valley Apt. 841,West Darrell,CT,97811,327-487-2291
21,Williamview Branch,4935 Grace Walk,Williamview,AR,12598,765-400-6925
22,Lake Rebeccaside Branch,0052 Martin Mills Suite 801,Lake Rebeccaside,AZ,48894,791-296-2139
23,Lake Curtis Branch,2045 Rachel Fords,Lake Curtis,WI,73886,246-777-4733
24,Erikville Branch,232 Nicole Burg Apt. 563,Erikville,MS,5576,991-396-2307
25,Michaelhaven Branch,37543 Andrew Fields Suite 541,Michaelhaven,MO,89566,438-987-2654
26,South Rachelborough Branch,14294 Daniel Mews Suite 569,South Rachelborough,KS,6318,589-384-8428
27,Elizabethmouth Branch,88356 Stacy Isle Suite 148,Elizabethmouth,MO,91885,850-954-6977
28,Justinchester Branch,236 Byrd Extensions Suite 680,Justinchester,WY,76520,366-479-6820
29,Clarencebury Branch,7738 Leon Underpass Apt. 148,Clarencebury,TX,41188,414-786-5374
30,Lake Heather Branch,20037 Stanley Roads,Lake Heather,NM,52884,918-799-2169
31,South Dennismouth Branch,01632 Williams Gateway,South Dennismouth,TN,70117,823-750-3803
32,Katiehaven Branch,9868 Merritt Summit Suite 743,Katiehaven,NM,82650,746-846-5010
33,East Edwardfurt Branch,7143 Rogers Plains,East Edwardfurt,UT,20529,367-573-7216
34,Priceshire Branch,66587 Brown Village,Priceshire,UT,3061,476-755-4598
35,Tuckerfurt Branch,0546 Medina Street Apt. 734,Tuckerfurt,MA,88171,901-432-1916
36,Whiteview Branch,272 Rebecca Ramp Apt. 162,Whiteview,MS,43407,434-941-1525
37,Smithside Branch,5564 King Common,Smithside,AR,46371,523-510-5386
38,East David Branch,100 James Brooks,East David,TN,15494,267-316-6155
39,Danieltown Branch,4529 Kimberly Estates,Danieltown,ME,75971,417-771-9179
40,Stanleyland Branch,3193 Heidi Hollow Apt. 905,Stanleyland,NY,85375,605-758-8517
41,Marshallshire Branch,67165 Zimmerman Mews Apt. 849,Marshallshire,KY,42746,346-371-3287
42,Hunterborough Branch,47379 Rogers Park,Hunterborough,MI,34363,452-862-9830
43,Brewerfort Branch,9480 Christopher Stravenue Suite 783,Brewerfort,NV,2761,469-864-8019
44,Ronaldside Branch,3634 Kennedy Pines,Ronaldside,MA,46613,797-508-6930
45,Jennyhaven Branch,4431 Leslie Summit Apt. 337,Jennyhaven,PA,37594,424-241-9348
46,Brandonton Branch,43524 Jean Crossroad,Brandonton,OH,38791,705-193-1771
47,Jackton Branch,710 Harrison Mill,Jackton,KS,63117,312-256-3621
48,Christopherbury Branch,67190 Edward Port,Christopherbury,DE,73648,896-532-2040
49,New Susanville Branch,993 Hayes Mills Suite 964,New Susanville,WV,27736,594-490-8668
50,Norrisfort Branch,1232 Eric Lodge,Norrisfort,LA,4779,741-357-1188
51,South Danny Branch,4713 French Road,South Danny,IN,85387,896-838-2876
52,Scottmouth Branch,2102 Larson Views,Scottmouth,UT,40358,898-649-5371
53,East Suzanneshire Branch,8877 Carly Meadows Suite 940,East Suzanneshire,OR,3220,987-756-6573
54,Rickymouth Branch,027 Moon Falls Suite 717,Rickymouth,TN,14211,314-400-8123
55,Marcusfurt Branch,6746 Shawn Island,Marcusfurt,NY,651,361-564-1053
56,West Samuel Branch,0385 Garrett Trace Apt. 348,West Samuel,UT,64033,939-996-5315
57,Port Robin Branch,93248 Andrea Course,Port Robin,NH,15897,712-880-3927
58,Arnoldfurt Branch,4846 Baird Gardens,Arnoldfurt,ID,79062,719-208-5889
59,Grimesmouth Branch,46584 Justin Hills,Grimesmouth,ND,63984,854-619-4258
60,Williamsfort Branch,8867 Kane Square Apt. 963,Williamsfort,VT,50469,356-482-3646
61,Smithberg Branch,270 Wayne Ramp Suite 171,Smithberg,MT,86324,752-897-9689
62,Finleyfort Branch,74596 Melissa Walk,Finleyfort,ND,5206,200-713-6310
63,Rebeccaton Branch,43161 Scott Square,Rebeccaton,MD,7856,700-119-2832
64,Harveybury Branch,5623 Knight Turnpike Apt. 221,Harveybury,NM,76936,571-999-6038
65,North Scott Branch,74740 Santana Springs,North Scott,MI,77515,445-159-4946
66,Baileyport Branch,647 Gonzalez Lights Suite 136,Baileyport,AK,86776,780-180-2403
67,New John Branch,0909 Wall Heights Apt. 953,New John,WV,94994,949-597-2133
68,North Renee Branch,104 Johnson Lakes,North Renee,MD,98474,978-645-3060
69,Mccartyberg Branch,32858 Rivas Glens Suite 451,Mccartyberg,WV,30072,331-775-8787
70,Carsonstad Branch,516 Joseph Crossing Suite 549,Carsonstad,CT,88953,762-269-5342
71,Blankenshipport Branch,0985 Deborah Roads,Blankenshipport,SD,54017,740-993-7932
72,South Shawn Branch,00471 Jimmy Plain,South Shawn,TN,97905,416-652-4295
73,Sampsonstad Branch,261 Gilbert Harbors Apt. 537,Sampsonstad,CT,90374,930-419-7537
74,North Kristinbury Branch,506 Lopez Crossing Suite 139,North Kristinbury,DC,74501,887-765-7118
75,West Micheleberg Branch,83933 Schroeder Turnpike,West Micheleberg,DC,71308,648-629-8397
76,Foxland Branch,10205 Brianna Brook Apt. 402,Foxland,NJ,59257,323-353-4681
77,Boonechester Branch,917 Sonia Cape Suite 700,Boonechester,TX,14651,265-446-1344
78,Oscarhaven Branch,711 Franklin Circles Apt. 499,Oscarhaven,LA,59970,802-667-4770
79,Ronaldview Branch,18367 Robert Views Suite 661,Ronaldview,MN,20507,802-325-1117
80,Elizabethchester Branch,11161 Cain Point Apt. 988,Elizabethchester,MI,87708,272-824-1964
81,West Meganstad Branch,049 Bell Ports Apt. 273,West Meganstad,DE,37013,434-169-1514
82,Anthonyview Branch,8998 Chelsea Shoals,Anthonyview,UT,41000,538-172-9423
83,Barnesmouth Branch,0229 Jones Streets Apt. 183,Barnesmouth,GA,49004,443-385-8953
84,Scottchester Branch,599 Nicole Drives Apt. 901,Scottchester,NM,80071,419-652-3167
85,South Tracey Branch,4381 Jordan Haven Suite 840,South Tracey,AR,1508,940-684-8744
86,Thompsonfurt Branch,3244 Wilson Parks,Thompsonfurt,ND,92732,448-903-8749
87,Smithland Branch,851 Hensley Canyon,Smithland,MD,75966,616-294-2545
88,South Meganbury Branch,664 Richard Islands Apt. 975,South Meganbury,NE,77685,299-774-8062
89,Port Michael Branch,164 Walker Tunnel Apt. 181,Port Michael,VA,85100,562-533-7735
90,East Stephaniefort Branch,12432 Kathleen Shoal,East Stephaniefort,NH,99387,678-984-1887
91,West Williamport Branch,995 Hernandez Cliff Suite 744,West Williamport,NH,59734,889-769-2612
92,South Reginashire Branch,54119 Ford Plaza,South Reginashire,SD,25173,262-512-6559
93,East Jasminemouth Branch,782 Shannon Valleys Suite 182,East Jasminemouth,NC,69018,311-354-4139
94,Cameronville Branch,5466 Shelton Center,Cameronville,OH,89417,394-649-8350
95,West Angelicamouth Branch,4925 Brandi Divide Suite 462,West Angelicamouth,MH,17251,343-532-4006
96,West Stacey Branch,685 Michael Falls,West Stacey,NM,25667,485-573-5092
97,New Nicholas Branch,21418 Ebony Wells,New Nicholas,GA,24204,277-553-2604
98,Bishopmouth Branch,706 Rhodes Freeway,Bishopmouth,IN,70494,251-767-9856
99,Shawchester Branch,7359 Murray Haven,Shawchester,GA,26675,215-195-4872
100,West Christopherburgh Branch,0758 Jennifer Path,West Christopherburgh,KY,59394,370-516-8956
101,Joeland Branch,1375 Robert Locks,Joeland,MN,29931,692-318-7570
102,Hortonberg Branch,1522 Justin Village,Hortonberg,WV,92977,260-268-7209
103,Davidbury Branch,9010 Lewis Drive Suite 143,Davidbury,MT,84249,202-499-5345
104,New Robert Branch,17980 Jennifer Highway Suite 095,New Robert,TN,88085,665-392-7930
105,Lake Paulstad Branch,518 Peter Mountains,Lake Paulstad,KS,98453,913-848-8973
106,Lisaburgh Branch,1531 Anderson Knoll,Lisaburgh,PW,90243,358-294-5861
107,North Leslie Branch,722 Jennifer Mount Apt. 430,North Leslie,ME,68053,422-159-9883
108,Samuelfurt Branch,740 Justin Wall Apt. 541,Samuelfurt,WA,58138,262-865-6138
109,New Kelly Branch,2775 Owen Stream Suite 169,New Kelly,CT,10995,258-151-8811
110,Hillton Branch,447 Jackson Mills Suite 705,Hillton,CA,88474,714-973-9701
111,New Ericmouth Branch,8202 Johnson Cliff Apt. 556,New Ericmouth,MN,49261,361-158-9320
112,Mcintyreville Branch,92856 Banks Gateway Apt. 027,Mcintyreville,KS,34617,282-971-4044
113,Jennaside Branch,94731 Melissa Mission Apt. 715,Jennaside,ND,38559,270-709-2113
114,Tannerside Branch,25831 Laura Freeway Suite 058,Tannerside,DC,80710,891-982-4853
115,West Dawn Branch,46786 Morrow Cliffs,West Dawn,NV,61558,613-222-5033
116,Sarahbury Branch,89226 Marie Path Apt. 422,Sarahbury,MI,68513,792-708-1651
117,Lake Claudia Branch,43842 Mendez Course Apt. 992,Lake Claudia,PA,44753,834-183-7868
118,Smallside Branch,10943 Montgomery Burgs,Smallside,LA,84637,873-697-9565
119,West Catherine Branch,3647 Haley Estate Suite 677,West Catherine,MD,94658,523-367-4346
120,Shannonberg Branch,562 Robertson Coves Suite 371,Shannonberg,CT,7133,885-833-6147
121,Jimenezport Branch,9632 Peck Stravenue Suite 327,Jimenezport,NM,3538,444-371-7484
122,Harperfort Branch,8733 Williams Haven,Harperfort,LA,70846,334-787-5915
123,West Angela Branch,62456 Williams Center,West Angela,CA,51140,668-423-2188
124,Kariborough Branch,499 David Court Suite 558,Kariborough,PA,67232,209-569-2638
125,West Sarah Branch,000 Jennifer Unions Suite 872,West Sarah,MD,21800,275-650-4492
126,South Brandytown Branch,495 Erickson Hills Suite 055,South Brandytown,PA,62706,718-371-3170
127,East Andrewmouth Branch,993 Brandy Extension Suite 230,East Andrewmouth,MT,20349,557-170-5002
128,Whitneyfort Branch,368 Salas Street Apt. 283,Whitneyfort,NC,49892,578-391-3584
129,West Kellie Branch,78585 Bishop Fields Apt. 484,West Kellie,VT,27669,648-953-9900
130,Bobbyland Branch,7584 Martinez Springs Suite 652,Bobbyland,MI,58484,920-409-9666
131,East Brent Branch,733 Fitzpatrick Square Suite 219,East Brent,NC,30080,208-783-5905
132,South Denise Branch,16571 Adam Plaza,South Denise,NJ,63081,879-206-3200
133,East Robertburgh Branch,5401 Amanda Stream,East Robertburgh,AZ,52535,470-218-2753
134,Smallberg Branch,40049 Sarah Isle Suite 788,Smallberg,NY,61845,960-666-3546
135,Wilcoxhaven Branch,15274 Alexis Junction Suite 932,Wilcoxhaven,MD,11869,478-388-4450
136,Molinamouth Branch,122 Morris Gateway Apt. 463,Molinamouth,ME,76845,934-451-4335
137,Hannahport Branch,5301 Parker Lodge,Hannahport,MN,81061,903-749-5325
138,Toddborough Branch,27279 Perry Plaza,Toddborough,WV,32936,717-600-5114
139,Port Amyhaven Branch,785 Samantha Creek,Port Amyhaven,ID,75566,252-194-7939
140,Stokesmouth Branch,58713 Davis Pass,Stokesmouth,DC,67773,483-145-1058
141,North Rodneyland Branch,9087 Cummings Locks Suite 039,North Rodneyland,ND,8398,541-889-3143
142,Brooksfurt Branch,0462 Katie Stream,Brooksfurt,NV,49980,852-368-3647
143,Nunezside Branch,82512 Rice Stream Apt. 004,Nunezside,NE,70222,959-552-8007
144,East Jamieville Branch,37524 Sharon Stream Apt. 069,East Jamieville,PA,4901,774-109-2832
145,Jimshire Branch,030 Gonzales Plains Apt. 028,Jimshire,MD,76191,277-807-3442
146,West Shellyfurt Branch,42836 Hill Point Apt. 687,West Shellyfurt,WY,69243,758-136-7049
147,Port Steven Branch,662 Bennett Throughway Suite 334,Port Steven,AR,74214,796-665-3426
148,North Joseph Branch,8826 Jonathan Isle Apt. 751,North Joseph,TX,79795,640-230-1685
149,Susantown Branch,39837 Molly Isle,Susantown,IL,25407,515-473-1653
150,Kimberlyfurt Branch,739 Randy Garden,Kimberlyfurt,NH,70447,566-315-5088
151,Robertshire Branch,4587 Garcia Stravenue Suite 535,Robertshire,IN,97658,882-205-6794
152,South Ashley Branch,48996 Hernandez Isle,South Ashley,IA,65945,998-673-7658
153,Port Melanieton Branch,7772 Jackson Stravenue Suite 280,Port Melanieton,WV,1337,835-867-3532
154,Smithhaven Branch,31203 Brooks River Suite 700,Smithhaven,VA,36511,442-985-3662
155,West Susanmouth Branch,86211 John River Suite 546,West Susanmouth,OK,32378,381-522-1406
156,Lake Albertburgh Branch,1016 Bennett Mountains,Lake Albertburgh,CO,66018,383-854-6442
157,Rachelshire Branch,591 Jerry Ways Suite 401,Rachelshire,TN,4813,621-921-5065
158,New John Branch,0392 Hickman Hills,New John,PW,51508,473-263-2771
159,Novakmouth Branch,2185 Connor Fort Apt. 599,Novakmouth,AK,83616,591-993-1634
160,Lake Charles Branch,7358 Reynolds Springs Suite 194,Lake Charles,KY,20715,681-327-4269
161,East Christopherchester Branch,265 Rodriguez Avenue Suite 754,East Christopherchester,NV,73506,671-458-6000
162,New Adriana Branch,01581 Shields Bridge Suite 661,New Adriana,TX,50404,433-328-1387
163,Evansland Branch,44472 Gary Harbor,Evansland,MN,33491,875-297-7528
164,Adamfurt Branch,799 Stephen Dale,Adamfurt,MA,81790,536-385-2137
165,Novakport Branch,7569 Kevin Rapids Apt. 752,Novakport,WA,91590,991-385-6753
166,Lake Katrina Branch,356 Velasquez Lock Suite 193,Lake Katrina,AK,95818,856-621-7548
167,West Donna Branch,374 Lori Underpass Suite 724,West Donna,VT,55961,895-963-9785
168,Port Johnstad Branch,79796 Stephens Turnpike Suite 891,Port Johnstad,GA,85304,539-128-2889
169,New Julie Branch,656 Alex Green,New Julie,OH,76590,467-282-5349
170,Garciachester Branch,5679 Michael Burg,Garciachester,CO,15714,239-211-8119
171,Bowenmouth Branch,4573 Bailey Court,Bowenmouth,MD,9305,553-846-6139
172,Hallfurt Branch,10512 Zachary Plaza Apt. 586,Hallfurt,SC,24677,646-720-9379
173,Smithborough Branch,660 Shannon Meadow,Smithborough,IL,36984,318-494-4114
174,West Emilyfort Branch,182 Nguyen Mount,West Emilyfort,NC,84270,460-145-8144
175,Lake Dennisville Branch,696 Michael Vista Suite 924,Lake Dennisville,IA,40527,201-632-9821
176,South Cynthia Branch,52866 Bailey Manors,South Cynthia,UT,85076,903-836-4228
177,Harveystad Branch,274 Jacob Ville,Harveystad,AL,64019,572-541-2146
178,Burnsland Branch,68876 Perry Ville,Burnsland,OK,4545,880-438-6143
179,Dunnville Branch,0438 Jackson Mount,Dunnville,OK,15470,879-968-3041
180,Bakerland Branch,580 Payne Manors Apt. 340,Bakerland,NV,15887,937-407-9308
181,Port Brian Branch,95962 Kristen Via,Port Brian,MI,70268,516-782-7691
182,Michelleberg Branch,825 Roberts Grove Apt. 260,Michelleberg,UT,17893,534-512-5844
183,Jonesland Branch,53672 Burton Lane,Jonesland,MO,68083,767-230-4143
184,Robinsonchester Branch,577 Perkins Ways Apt. 751,Robinsonchester,MH,28268,630-780-7211
185,Smithburgh Branch,5458 Ashlee Oval Suite 001,Smithburgh,NV,60337,893-866-3851
186,Christopherburgh Branch,3242 Davis Lake,Christopherburgh,AR,52450,830-682-5930
187,Smithmouth Branch,361 Aaron Neck Apt. 293,Smithmouth,MH,16307,615-661-1006
188,Derrickberg Branch,271 Patrick Street Apt. 155,Derrickberg,SD,89254,511-393-4443
189,South Christina Branch,89092 Bell Forest,South Christina,NV,28975,640-904-6279
190,West Deanna Branch,21965 Edwards Dam,West Deanna,IA,73035,676-552-8244
191,East Victorland Branch,043 Julie Hill Apt. 376,East Victorland,NC,2082,891-318-9375
192,North Joseton Branch,2696 Payne Extensions Suite 109,North Joseton,AR,52664,684-912-3780
193,New Samanthaberg Branch,866 Miller Plain Apt. 414,New Samanthaberg,ND,43328,874-186-5649
194,West Elizabethburgh Branch,146 Brian Corners Suite 179,West Elizabethburgh,DE,2161,727-779-6491
195,Garyberg Branch,027 Mills Tunnel,Garyberg,WA,35728,295-938-4848
196,South Spencerstad Branch,56481 Joseph Ports,South Spencerstad,AR,65985,888-417-4680
197,North Micheletown Branch,2419 Jeremy Pass,North Micheletown,IA,6527,403-250-1400
198,Davidton Branch,6220 Walker Gateway Suite 541,Davidton,HI,29754,247-350-8784
199,West Jamesshire Branch,1744 Miller Motorway,West Jamesshire,WY,40335,825-970-2193
200,East Ambertown Branch,5973 Edward Lodge,East Ambertown,MA,692,666-524-4185
201,Port April Branch,413 Robert Circle Apt. 410,Port April,UT,49324,935-813-7291
202,Batesberg Branch,191 Dana Lock Apt. 990,Batesberg,IA,38731,706-509-4997
203,East Shannonmouth Branch,6557 Hall Flats Apt. 912,East Shannonmouth,MT,16326,351-771-1090
204,Eddiebury Branch,74741 Eric Spur Suite 903,Eddiebury,MI,52437,968-981-2746
205,Hawkinsside Branch,442 Stephanie Walk,Hawkinsside,IA,12916,997-535-4585
206,Samanthaland Branch,21003 James Locks Suite 199,Samanthaland,AK,8951,380-923-9486
207,East Sandrachester Branch,721 Martinez Mountain,East Sandrachester,MH,95453,675-151-5082
208,New Christinebury Branch,0662 Lewis Ferry Suite 472,New Christinebury,SD,39181,324-567-3184
209,South Kimberlystad Branch,8701 Reyes Manor Apt. 838,South Kimberlystad,NJ,71872,675-783-9702
210,Morenoshire Branch,9856 White Island Apt. 040,Morenoshire,IN,21423,772-709-6198
211,East Joel Branch,34803 Kelly Villages,East Joel,MD,97245,973-553-9270
212,Johnsonton Branch,059 Anna Field Suite 842,Johnsonton,IN,79362,636-950-9976
213,Port Megan Branch,87059 Lindsay Junctions,Port Megan,MD,8307,656-262-8777
214,Willismouth Branch,92185 Nathaniel Shore,Willismouth,ME,42785,660-365-5050
215,South Kurt Branch,67528 Walker Radial,South Kurt,UT,39103,852-383-9540
216,Lake Ariana Branch,09690 Carrie Valleys,Lake Ariana,NM,18935,696-741-4919
217,East Heather Branch,135 Jackson Corners Suite 704,East Heather,MI,34141,481-550-2269
218,Snyderfurt Branch,006 Oconnor Expressway,Snyderfurt,MI,72069,930-392-4841
219,North Matthewfurt Branch,79327 Lauren Bypass Suite 054,North Matthewfurt,GA,96443,478-443-6238
220,New Pamela Branch,159 Bush Meadows,New Pamela,GA,7520,753-182-3267
221,North Brandon Branch,3368 Guerrero Hills,North Brandon,OK,72546,354-336-7275
222,East Danielle Branch,05061 Colon Road Suite 310,East Danielle,CO,62572,910-256-4505
223,West Nicole Branch,6774 Darlene Loaf,West Nicole,MN,24956,265-524-7678
224,Arellanoshire Branch,47743 Elliott Drive Apt. 158,Arellanoshire,IN,73062,538-655-8633
225,Orrton Branch,8687 Thomas Common,Orrton,NY,75371,625-163-4388
226,Harrisberg Branch,72233 Brad Common,Harrisberg,PW,78495,630-498-1320
227,Rodriguezberg Branch,1168 Arnold Walks Suite 870,Rodriguezberg,FL,74765,983-689-7232
228,Armstrongfort Branch,91485 Baker Shoal,Armstrongfort,AZ,23071,688-106-6763
229,Andrewport Branch,2996 Randy Isle Apt. 074,Andrewport,ME,37246,505-871-7389
230,East Scottchester Branch,132 Mccann Mills Suite 469,East Scottchester,WA,64000,629-651-9947
231,East Antonioton Branch,82148 Taylor Vista Apt. 233,East Antonioton,MN,92858,817-325-8999
232,Tracymouth Branch,5786 Erin Garden,Tracymouth,HI,62705,424-379-8140
233,Denisehaven Branch,2414 Paul Estates Apt. 333,Denisehaven,AK,89918,697-129-7371
234,Jenniferview Branch,2290 Johnny Valley,Jenniferview,NE,49846,544-784-7624
235,Kennethville Branch,4374 Silva Avenue Suite 899,Kennethville,NJ,8868,941-269-8657
236,Erintown Branch,5444 Edward Track Apt. 096,Erintown,SD,65692,330-737-9751
237,Meganside Branch,6660 Matthew Station Apt. 875,Meganside,HI,39007,227-503-1444
238,Jeffreyport Branch,2482 Pena Forges,Jeffreyport,MT,43927,285-758-8022
239,Port Erinhaven Branch,9471 Brown Roads Apt. 738,Port Erinhaven,ME,54647,338-987-8564
240,Port Christopher Branch,23569 Thomas Wall,Port Christopher,MA,83211,386-151-5262
241,South Kristen Branch,0074 Kathleen Extension,South Kristen,WI,12040,588-435-4467
242,North Amandastad Branch,666 Sanford Lights,North Amandastad,AL,42734,665-434-6529
243,Garyton Branch,03354 Curtis Parkway,Garyton,ME,38620,979-488-5558
244,East Stacy Branch,898 Hamilton Spur Apt. 575,East Stacy,FM,53374,970-951-7906
245,South Nancyview Branch,32309 David Station,South Nancyview,WI,70589,458-954-2341
246,Jamesside Branch,010 Hannah Mall,Jamesside,KS,62681,681-119-9837
247,South Maria Branch,04618 Dean Squares,South Maria,CT,67555,253-458-4673
248,West Jade Branch,1173 Kimberly Village,West Jade,LA,21521,865-170-1659
249,North Maryfort Branch,737 Young Bridge,North Maryfort,FL,12308,972-131-5051
250,Stevenville Branch,143 Hinton Hill,Stevenville,MH,23399,404-959-1333
251,Port Devonburgh Branch,5561 Melissa Cape,Port Devonburgh,MA,47362,836-256-4908
252,Marshburgh Branch,415 White Locks Suite 746,Marshburgh,DE,17869,329-584-2874
253,Cherylberg Branch,16979 White Light,Cherylberg,NJ,64480,777-323-8619
254,Lake Morgan Branch,7014 Smith Ways,Lake Morgan,NC,69065,916-362-7043
255,North Dawnburgh Branch,3756 Mary Point,North Dawnburgh,NY,62011,371-720-2876
256,Wallaceshire Branch,17535 Williams Fork Suite 631,Wallaceshire,NV,12037,996-938-3683
257,Pamelaside Branch,5170 Richard Camp Apt. 199,Pamelaside,IL,86300,518-210-1420
258,Port Donnatown Branch,5037 Castro River Suite 571,Port Donnatown,MA,47049,519-689-7149
259,East David Branch,851 Penny Park Apt. 614,East David,MO,28758,606-832-4249
260,Smithton Branch,51609 Kelsey Mission Suite 982,Smithton,OH,57230,277-706-4978
261,West Raymond Branch,292 Dale Shoals Suite 866,West Raymond,MA,39058,304-813-5941
262,Glendaberg Branch,26984 Joseph Plaza Apt. 339,Glendaberg,VT,85709,900-714-2983
263,Craigside Branch,851 Hart Prairie,Craigside,LA,55864,779-901-1672
264,West Karen Branch,106 Brian Centers,West Karen,GA,38068,555-645-8018
265,Heatherton Branch,04380 Cervantes Cove Apt. 863,Heatherton,MS,51298,877-479-2129
266,Port Jenny Branch,580 Julia Flats Suite 359,Port Jenny,ID,39059,718-763-6590
267,Adammouth Branch,12281 Williams Harbors Suite 229,Adammouth,VT,20791,212-969-7882
268,Charlesmouth Branch,59094 Tyler Plaza,Charlesmouth,NC,29331,701-208-8102
269,West Jeffreyborough Branch,182 Daniels Lodge,West Jeffreyborough,TN,44001,570-750-8532
270,Lake Christina Branch,4398 Barajas View Apt. 157,Lake Christina,RI,32459,924-256-8135
271,Angelhaven Branch,561 Scott Stream,Angelhaven,MH,49647,380-851-9548
272,Houstonborough Branch,0435 Stacy Expressway Apt. 133,Houstonborough,ND,92610,866-376-9817
273,Angelashire Branch,120 Love Camp Apt. 102,Angelashire,MH,30338,993-595-8616
274,Port Julieton Branch,6766 Smith Spring Apt. 809,Port Julieton,UT,10015,646-945-5397
275,New Jeffrey Branch,144 Juan Mill Suite 607,New Jeffrey,WA,51749,530-972-5022
276,Medinaland Branch,245 Angela Point Apt. 100,Medinaland,ME,28033,288-385-8385
277,Port Karenside Branch,68222 Christina Glen Apt. 129,Port Karenside,NH,84999,449-868-8613
278,Lake Diana Branch,1413 Lynn Knolls,Lake Diana,CT,37874,783-724-7209
279,Lindseychester Branch,57759 Steele Drives,Lindseychester,GA,1134,544-129-9098
280,East Debbieland Branch,36452 Humphrey Mountain Suite 547,East Debbieland,PW,37281,532-286-8988
281,Port Bonniefurt Branch,341 Patricia Vista,Port Bonniefurt,WI,77838,417-463-5232
282,Dennishaven Branch,84887 Michael Fork,Dennishaven,NY,12370,548-386-5526
283,Lake Jessica Branch,8039 Katherine Dam Suite 229,Lake Jessica,MI,5798,769-110-9464
284,Paulmouth Branch,3145 Brad Ford,Paulmouth,AZ,5731,395-187-4954
285,Nicholasbury Branch,84498 Nicholas Lane Suite 918,Nicholasbury,NC,53695,937-516-9004
286,East Eric Branch,7790 Scott Forks Apt. 843,East Eric,PA,94519,768-876-4937
287,Clarkburgh Branch,365 Timothy Neck,Clarkburgh,SD,54358,907-587-9041
288,North Gabriel Branch,02992 Crystal Canyon,North Gabriel,HI,68218,658-911-1282
289,Burkeshire Branch,904 Jay Rest Suite 723,Burkeshire,MH,24340,295-401-4630
290,Serranoville Branch,57991 Nicholas Curve Apt. 038,Serranoville,HI,62874,614-808-4986
291,Port Erikachester Branch,811 Hopkins Rapids,Port Erikachester,NC,55640,513-779-7046
292,Cannonland Branch,86376 Chapman Streets Apt. 624,Cannonland,LA,78920,684-666-9698
293,East Ronaldshire Branch,3009 April Lane Apt. 565,East Ronaldshire,KS,34750,552-535-6419
294,Kingport Branch,594 Fischer Loop Suite 258,Kingport,OK,45636,560-819-8434
295,Laurenton Branch,213 Logan Estates Apt. 386,Laurenton,GA,51501,477-413-5118
296,New Benjaminfurt Branch,27961 Jose Land,New Benjaminfurt,MO,80974,436-223-4155
297,New Gavin Branch,902 Gonzales Flats Suite 309,New Gavin,AZ,47652,523-222-9779
298,Sullivanborough Branch,021 Chan Knoll,Sullivanborough,NC,2515,980-806-4033
299,New Sylvia Branch,84895 Richmond Harbor,New Sylvia,NH,53448,396-321-8933
300,Port Williamview Branch,2681 Wesley Junctions,Port Williamview,ND,75853,483-841-9595
301,South Darrenland Branch,769 Carrillo Throughway Suite 779,South Darrenland,MS,83556,811-389-2647
302,Johnland Branch,356 Black Branch,Johnland,MO,88803,398-403-4727
303,Lake John Branch,82755 Patricia Grove Apt. 373,Lake John,KS,27603,569-283-5952
304,Austinside Branch,39521 Samantha Springs,Austinside,AZ,63715,214-825-9751
305,North Alicia Branch,579 Henry Track Suite 639,North Alicia,NE,63195,329-380-1745
306,Stewarttown Branch,562 Bray Square,Stewarttown,AL,88857,255-666-5786
307,West Thomas Branch,9155 Lopez Greens,West Thomas,RI,45471,914-229-9042
308,Port Cory Branch,76365 Dickerson Harbors Suite 292,Port Cory,KY,31408,305-993-1200
309,Evansside Branch,3227 Gregory Parks Apt. 885,Evansside,OK,6754,787-391-8690
310,Mauricechester Branch,20347 Shannon Isle Suite 558,Mauricechester,DE,46519,690-551-6582
311,Hamptonmouth Branch,982 Kelly Spring,Hamptonmouth,CO,50448,388-152-5136
312,Loganport Branch,2256 Sweeney Cliffs Apt. 253,Loganport,VT,35559,689-216-2070
313,East Garrettville Branch,7598 Gutierrez Ferry Apt. 234,East Garrettville,CT,8862,610-603-2213
314,East Joan Branch,006 Dalton River Apt. 164,East Joan,NV,82615,790-744-1878
315,Amyberg Branch,82005 Lin Mountain,Amyberg,UT,71186,355-252-5978
316,Reginafort Branch,979 Mills Route,Reginafort,ND,30271,287-354-2940
317,West Justin Branch,4564 Kevin Alley,West Justin,ND,1591,771-882-7818
318,Fosterburgh Branch,4064 Laura Plaza Suite 368,Fosterburgh,VT,97116,820-710-4697
319,Lopezland Branch,3416 Zachary Union Suite 484,Lopezland,HI,18408,994-635-7232
320,North Julian Branch,79749 Lopez Brook Apt. 080,North Julian,DC,94243,661-553-5871
321,Steventon Branch,031 Alexis Forge Suite 647,Steventon,MA,11016,802-539-6003
322,Lisatown Branch,46187 James Ville,Lisatown,DE,94175,782-735-1986
323,South Paul Branch,7303 Moss Court,South Paul,ME,42845,824-857-2625
324,Jameston Branch,088 Jon Route,Jameston,TN,29046,981-312-4457
325,North Biancafort Branch,65024 Randy Gardens,North Biancafort,UT,78647,470-776-2330
326,North Michaelberg Branch,1327 Gina Junction,North Michaelberg,UT,70801,360-345-3847
327,Howardberg Branch,73585 Quinn Brooks,Howardberg,KS,5676,765-176-3564
328,North Amanda Branch,784 Lopez Ferry Suite 574,North Amanda,NV,39255,202-518-8381
329,Lake Tammyfurt Branch,570 Gross Brook Suite 935,Lake Tammyfurt,ID,69191,905-708-8699
330,Port Sharonburgh Branch,294 Ortiz Islands Apt. 181,Port Sharonburgh,AZ,26987,498-133-4792
331,Brandonbury Branch,3109 Barrett Pine,Brandonbury,PA,94590,495-823-5632
332,Lauraton Branch,37170 Grant Mall,Lauraton,MH,81363,919-980-8438
333,Lopezhaven Branch,014 Shirley Path Apt. 138,Lopezhaven,TN,33106,272-803-4824
334,Andradeburgh Branch,861 Craig Squares,Andradeburgh,WY,24145,470-906-4241
335,Charleneshire Branch,528 Mahoney Island Suite 566,Charleneshire,ND,28540,635-217-9922
336,West Adam Branch,457 Moyer Alley Apt. 490,West Adam,IN,28658,430-763-3441
337,Pamelabury Branch,48889 Clinton Mount Suite 224,Pamelabury,IN,34087,472-946-3330
338,Benjaminshire Branch,96931 Mcguire Extensions Suite 919,Benjaminshire,MS,10787,273-161-3718
339,Lake Kimberlyfurt Branch,5661 Julie Vista,Lake Kimberlyfurt,AR,40449,514-709-5728
340,Maddoxshire Branch,8925 Eric Spring,Maddoxshire,NY,12308,649-227-8679
341,New Raymondland Branch,4622 Miller Ports,New Raymondland,MO,66275,905-411-7594
342,East Charles Branch,227 Tony Run Apt. 898,East Charles,WI,56870,478-612-9847
343,Port Kevinstad Branch,911 Henderson Keys Apt. 559,Port Kevinstad,RI,58462,705-548-2317
344,North Jodibury Branch,0335 Katherine Walk,North Jodibury,RI,19857,812-140-8078
345,Anaberg Branch,51477 Martin Streets Apt. 388,Anaberg,UT,92088,952-430-5102
346,Briantown Branch,9804 Brian Flats,Briantown,CA,51441,226-193-4750
347,West Toddside Branch,510 Dillon Run Suite 368,West Toddside,CO,24935,890-956-1339
348,Matthewfurt Branch,780 John Pines,Matthewfurt,WA,21079,983-788-5415
349,Natashatown Branch,5543 Cain Road,Natashatown,OH,37226,790-141-3870
350,South Tara Branch,56216 Robert Ports,South Tara,PA,43661,681-631-8245
351,West Carlos Branch,232 Michelle Inlet Apt. 629,West Carlos,ND,94799,484-285-8141
352,Edwinborough Branch,52056 Turner Summit,Edwinborough,CT,17742,850-933-9056
353,West Christopherfort Branch,99499 Caitlyn Fort,West Christopherfort,DC,66341,293-581-6700
354,West Stephaniebury Branch,526 Wells Estates Apt. 306,West Stephaniebury,WA,88494,618-441-6260
355,Sullivanton Branch,12797 Delacruz Gateway,Sullivanton,PA,96882,886-207-3634
356,Terrellton Branch,569 Abigail Mission Suite 038,Terrellton,OH,51278,537-521-9117
357,Lake Zacharyberg Branch,47644 Jackson Hill,Lake Zacharyberg,NH,85186,495-778-7561
358,South Christopher Branch,81298 Phillip Islands Suite 027,South Christopher,MD,91165,978-663-1601
359,Acostahaven Branch,111 Walters Corner,Acostahaven,RI,21459,665-190-6153
360,South Kylemouth Branch,602 Cunningham Shoals Apt. 222,South Kylemouth,LA,82611,458-431-2899
361,Stephenstown Branch,23094 Stephen Walk,Stephenstown,PA,65180,991-513-9431
362,New Joshua Branch,97767 Carolyn Avenue,New Joshua,SC,73580,201-773-9889
363,Markland Branch,22050 Melissa Shores,Markland,AR,14773,673-523-1888
364,Miguelfurt Branch,24999 Tammy Summit Suite 014,Miguelfurt,MH,9370,392-630-6927
365,Lake Jason Branch,147 David Wall Suite 586,Lake Jason,AR,14827,837-874-9167
366,Sarashire Branch,9469 Green Ports,Sarashire,NM,68619,840-552-1845
367,Gutierrezmouth Branch,2934 Aaron Burg Suite 139,Gutierrezmouth,MI,73955,408-373-9998
368,North Ginamouth Branch,34414 Hunter Islands,North Ginamouth,MO,95449,334-394-8178
369,Lake Steven Branch,35577 Debbie Orchard,Lake Steven,ND,44424,915-596-2989
370,East Juantown Branch,0849 Peters Brook Apt. 955,East Juantown,MA,49684,229-745-4920
371,Janetmouth Branch,962 Michelle Terrace,Janetmouth,VT,4646,926-262-6091
372,West Kristenborough Branch,1735 Gallegos Hollow Apt. 842,West Kristenborough,CO,58667,764-114-7684
373,Kimberlyberg Branch,8235 Oconnor Pine,Kimberlyberg,WI,13379,295-330-2858
374,West Steventon Branch,07681 Larry Cape,West Steventon,CT,68734,672-220-3522
375,East Joshua Branch,94353 Justin Place Suite 714,East Joshua,AL,82151,710-833-5781
376,Audreyburgh Branch,85854 Sherry Unions,Audreyburgh,CA,41313,721-822-5479
377,South Philipshire Branch,702 Thomas Spring Apt. 160,South Philipshire,SC,90957,625-954-8905
378,Port Leahmouth Branch,545 Jennifer Skyway Apt. 792,Port Leahmouth,CT,60215,683-349-8483
379,Kristinamouth Branch,773 Douglas Ridges Suite 562,Kristinamouth,NH,64399,764-248-7284
380,New Dakota Branch,71577 Justin Keys,New Dakota,MH,94122,395-713-9327
381,New John Branch,8148 Morales Loop,New John,GA,63726,964-239-2143
382,New Caitlinmouth Branch,53966 Stephens Freeway Apt. 197,New Caitlinmouth,OH,13300,482-891-7798
383,Port Dwayneberg Branch,46191 Murphy Rue Apt. 132,Port Dwayneberg,NV,70133,548-906-9318
384,Veronicashire Branch,9973 Erin Island Suite 946,Veronicashire,AL,80650,473-940-1042
385,South Jacqueline Branch,40580 Jacqueline View Suite 140,South Jacqueline,MO,82449,489-843-5891
386,Bridgesstad Branch,666 Gardner Shore Apt. 723,Bridgesstad,PW,55188,801-693-9022
387,Proctorberg Branch,2201 Douglas Oval,Proctorberg,CO,18486,352-557-9824
388,South Cassandra Branch,9692 Hicks Plaza Suite 653,South Cassandra,OK,65795,695-453-6446
389,Bushville Branch,846 Johnson Camp,Bushville,OR,63616,765-881-9903
390,Lake Cynthiashire Branch,84781 John Roads,Lake Cynthiashire,ME,80853,586-566-6272
391,Gomezport Branch,8077 Berry Isle,Gomezport,LA,22456,393-814-4912
392,New Brett Branch,949 Brown Mountains,New Brett,LA,97150,785-492-4826
393,Davidview Branch,7128 Melissa Harbors,Davidview,KY,34180,994-520-1715
394,West Kimberly Branch,192 Donna Land,West Kimberly,IA,64060,525-862-8749
395,Port Tyler Branch,051 Caitlin View,Port Tyler,MT,50723,922-930-7246
396,North Garyfurt Branch,723 Brown Greens,North Garyfurt,NJ,40001,595-779-3492
397,Gregoryhaven Branch,836 Wells Drive Suite 047,Gregoryhaven,TX,5877,707-137-3068
398,West Destinyfurt Branch,569 Rogers Grove,West Destinyfurt,NH,89012,714-704-6439
399,Amytown Branch,938 Byrd Falls,Amytown,PW,9407,302-995-8213
400,Jamestown Branch,1817 Robinson Haven,Jamestown,RI,12551,302-638-8486
401,South Diana Branch,391 Christopher Rapids,South Diana,SD,74696,215-839-3361
402,Schwartzmouth Branch,24471 Livingston Harbor,Schwartzmouth,KS,21730,619-991-3529
403,Gregoryland Branch,0665 Jonathan Via,Gregoryland,NM,26803,276-580-5342
404,North Ashleyview Branch,71286 Christina Coves Suite 410,North Ashleyview,WI,58943,546-738-7512
405,Andrewshaven Branch,2006 Hernandez Isle,Andrewshaven,VT,64815,865-182-6383
406,Mathewport Branch,6183 Patrick Spurs Suite 198,Mathewport,MO,7735,890-979-9742
407,South Donnaport Branch,8517 Holland Fall,South Donnaport,UT,51632,589-424-8994
408,East Anthonyshire Branch,571 Moss Dam,East Anthonyshire,IA,64625,754-136-2121
409,Port Desiree Branch,84787 Benjamin Centers Suite 061,Port Desiree,NC,60580,440-746-5708
410,South Rebeccaton Branch,931 Jill Overpass,South Rebeccaton,IA,92421,432-864-2480
411,North Tylerbury Branch,20417 Mary Circles,North Tylerbury,CA,27061,644-200-2646
412,Bryanview Branch,6519 Marc Underpass Apt. 092,Bryanview,FL,99794,654-270-5906
413,North Adrianland Branch,58273 Dennis Turnpike Suite 207,North Adrianland,VT,85927,229-147-6314
414,Lake Vincent Branch,7232 Mills Loop Apt. 290,Lake Vincent,CO,82708,257-400-6873
415,South Kaylee Branch,6083 David Pines Apt. 958,South Kaylee,TN,27778,583-541-3385
416,Kingmouth Branch,31277 Ernest Cape Apt. 543,Kingmouth,AZ,14187,450-643-7751
417,Lake Sean Branch,220 Robertson Cliffs,Lake Sean,OR,43226,779-798-3950
418,Richardston Branch,53153 Joel Loop Apt. 631,Richardston,NE,19498,374-279-2293
419,Lake Michael Branch,726 Taylor Stravenue,Lake Michael,KY,27005,824-991-7267
420,Cassandraburgh Branch,09042 Melissa Mount Suite 253,Cassandraburgh,OK,72951,834-799-4945
421,Lake Ronniebury Branch,68739 Hood Harbors,Lake Ronniebury,IA,43400,709-697-3344
422,Schmidtfort Branch,392 Robert Cape Apt. 780,Schmidtfort,FM,91812,437-572-5161
423,East Michael Branch,7318 Heather Lodge,East Michael,IA,85388,670-361-1153
424,Port Jacqueline Branch,74279 Tiffany Mountain,Port Jacqueline,HI,49052,676-394-9955
425,Port Gail Branch,016 Schmidt Hill Suite 498,Port Gail,RI,44501,361-175-8237
426,West Michaelside Branch,501 Diaz River,West Michaelside,VT,9283,553-701-5901
427,West Michael Branch,53817 Karen Trace,West Michael,KY,66504,854-534-5097
428,Shannonstad Branch,0155 Tucker Pine Apt. 788,Shannonstad,FM,88752,667-965-5949
429,East Joshuaberg Branch,71162 Mullen Club,East Joshuaberg,NM,20227,403-493-8916
430,Rojastown Branch,046 Thomas Manor,Rojastown,LA,25281,309-342-7248
431,Toddhaven Branch,38569 Rios Turnpike,Toddhaven,PW,72389,785-467-5847
432,West Justin Branch,4924 Kristina Forks Suite 540,West Justin,GA,81586,916-402-1359
433,East John Branch,842 Mary Square,East John,AZ,42001,874-505-5497
434,West Shane Branch,4523 Elizabeth Key,West Shane,GA,70446,208-679-1803
435,Port Annette Branch,06727 Moore Streets Suite 474,Port Annette,NV,44893,820-863-9138
436,South Michael Branch,702 Kyle Locks,South Michael,MD,7714,493-894-4770
437,Rhodesland Branch,834 Andrew Plain,Rhodesland,NY,52198,821-921-6772
438,Hernandezchester Branch,5998 Rebekah Lake,Hernandezchester,MN,51109,424-751-4115
439,Chandlerchester Branch,45547 Jason Mills Suite 742,Chandlerchester,DC,77463,835-356-3240
440,Davischester Branch,34785 Sarah Ramp,Davischester,SC,36326,843-199-1645
441,Troymouth Branch,87923 Marisa Highway Suite 049,Troymouth,IN,4018,516-907-8222
442,North David Branch,44714 White Spurs,North David,KY,65126,234-693-6977
443,Mccannville Branch,597 Oneill Road,Mccannville,MN,67678,949-234-2476
444,West Frank Branch,2902 Murray Square,West Frank,KY,47839,502-434-7807
445,New Marcus Branch,504 Moreno Club Apt. 219,New Marcus,MD,90281,379-305-3165
446,Jenkinsburgh Branch,5189 Morrow Bridge Apt. 845,Jenkinsburgh,CT,29058,752-997-6994
447,Port Davidtown Branch,338 Robert Club,Port Davidtown,NJ,46141,743-613-5465
448,Lake Jeremy Branch,527 Jackson Hollow Apt. 132,Lake Jeremy,DC,28005,368-363-8894
449,Port Donnashire Branch,61107 Williams Coves,Port Donnashire,AR,61984,502-864-6549
450,New Rachel Branch,0140 Kimberly Rapids,New Rachel,HI,88397,317-579-2233
451,Port Belindatown Branch,12495 Martin Parkway Apt. 891,Port Belindatown,NC,28943,344-872-4696
452,Richardsonshire Branch,2801 Samantha Vista,Richardsonshire,HI,58128,892-841-7511
453,Davidville Branch,56638 Rick Trace,Davidville,NC,18315,770-474-2479
454,Perezchester Branch,4801 Snyder Lights Suite 794,Perezchester,LA,56594,604-114-5332
455,North Douglasfurt Branch,75207 Randy Pike,North Douglasfurt,UT,77906,749-226-8451
456,Martinezchester Branch,215 Matthew Ranch,Martinezchester,VA,65920,577-788-5295
457,Port Shawn Branch,994 Kelly Shores Suite 784,Port Shawn,DE,33359,798-490-7086
458,Ericville Branch,3201 Maria Parks Apt. 269,Ericville,WV,10530,310-791-4830
459,Colefurt Branch,3477 Daniels Valleys Apt. 061,Colefurt,NV,60749,682-125-6374
460,Freemanville Branch,28427 Taylor Stravenue,Freemanville,OK,88977,824-326-2035
461,Troyfurt Branch,889 Alvarez Walk Apt. 806,Troyfurt,RI,89169,850-943-8606
462,Davisstad Branch,5009 David Lakes Suite 905,Davisstad,MI,54493,917-409-7689
463,New Markmouth Branch,33349 Renee Circles Suite 152,New Markmouth,TN,55875,319-243-1742
464,Lake Emilymouth Branch,0790 Gray Loaf Suite 917,Lake Emilymouth,NM,66399,238-411-9071
465,Brandonshire Branch,94563 Reid Turnpike Apt. 834,Brandonshire,MO,30108,318-199-4846
466,Simmonsstad Branch,919 Nelson Port,Simmonsstad,WY,10549,750-238-7367
467,North Courtney Branch,468 Gonzalez Locks Suite 987,North Courtney,NC,24951,664-479-9850
468,Meganchester Branch,74896 Alexa Lakes Suite 232,Meganchester,MD,8945,629-701-3531
469,East Anthony Branch,4424 Richard Crescent,East Anthony,FM,41204,624-770-2622
470,Lake Melissa Branch,8660 Erik Dale Apt. 448,Lake Melissa,VA,64181,701-730-7686
471,South Sherryberg Branch,15941 Mosley Skyway,South Sherryberg,IA,15172,486-133-7070
472,Port Lindsaymouth Branch,984 Wilkerson Freeway,Port Lindsaymouth,PW,77089,422-554-8285
473,South Amandaville Branch,363 Daniel Forest Suite 764,South Amandaville,MD,72032,441-975-6942
474,Lake Samanthabury Branch,3425 Baldwin View Suite 090,Lake Samanthabury,KS,72948,301-802-7018
475,Jasonburgh Branch,5183 Price Lock Suite 413,Jasonburgh,NV,83253,757-760-6876
476,Port Ethanview Branch,604 Madeline Overpass Suite 656,Port Ethanview,NY,9199,262-507-5520
477,Gonzalezport Branch,9857 Kathleen Row Apt. 720,Gonzalezport,MD,75973,394-225-8450
478,Mendozaberg Branch,23829 Sparks Island,Mendozaberg,KS,23239,293-778-4475
479,North Terri Branch,3165 Phillip Lane Apt. 008,North Terri,ID,34813,857-754-1349
480,New David Branch,69694 Christopher Land,New David,VT,69423,251-905-6464
481,South Melissa Branch,7133 Sophia Via Suite 476,South Melissa,PA,28755,449-228-4362
482,Solomonstad Branch,362 Sparks Burgs Suite 439,Solomonstad,OR,90189,270-949-4394
483,New Brianmouth Branch,07256 Jennifer Station Suite 941,New Brianmouth,IA,62227,800-321-4817
484,New Harryburgh Branch,900 Wagner Light Suite 652,New Harryburgh,NY,65098,536-892-3417
485,Juliechester Branch,2158 Thomas Crescent Suite 027,Juliechester,LA,35001,810-102-5542
486,East Brian Branch,562 Doyle Overpass Apt. 870,East Brian,HI,5201,348-233-9850
487,North Michael Branch,2761 Williams Knolls Suite 771,North Michael,IL,37740,456-917-3858
488,South Samantha Branch,84993 Alicia Ports,South Samantha,IA,65789,312-776-1422
489,Ericland Branch,0416 Garza Coves,Ericland,NH,93261,334-115-6869
490,Port Dawnmouth Branch,4905 Diana Mission Suite 923,Port Dawnmouth,FM,7780,443-702-6304
491,Davisborough Branch,961 Scott Garden,Davisborough,GA,51422,216-278-5347
492,South Sean Branch,2147 Fitzgerald Inlet Apt. 515,South Sean,MS,62948,253-229-7897
493,New Matthewmouth Branch,961 Shepherd Ridges Apt. 661,New Matthewmouth,TX,29891,738-216-2041
494,Evansberg Branch,8814 Kim Unions,Evansberg,TX,39876,687-559-6931
495,New Rogerville Branch,649 Andrea Cape,New Rogerville,NH,87120,725-707-2786
496,North Robertport Branch,4918 Daniel Shore Suite 226,North Robertport,MD,77467,662-615-4629
497,Monicaville Branch,794 Levy Well Apt. 321,Monicaville,NE,70542,829-144-9543
498,Turnerstad Branch,61027 Holt Ways,Turnerstad,UT,88817,508-569-1510
499,Lake John Branch,1220 Daniel Brook Apt. 037,Lake John,PW,82559,262-590-7580
500,Maynardfort Branch,47276 Darren Drives,Maynardfort,AK,59419,636-802-2768
